"","FeatureName","DateCode","Value","Energy.Type","Energy.Consuming.Sector"
"1","Midlothian",2015,2.914,"Manufactured Fuels","All"
"2","Midlothian",2015,629.01,"Petroleum Products","All"
"3","Midlothian",2015,633.387,"Gas","All"
"4","East Lothian",2015,2702.509,"All","All"
"5","Renfrewshire",2015,36.17,"Bioenergy & Wastes","All"
"6","City of Edinburgh",2015,3028.826,"Petroleum Products","All"
"7","Angus",2015,2782.793,"All","All"
"8","West Lothian",2015,9.031,"Manufactured Fuels","All"
"9","South Ayrshire",2015,504.878,"Electricity","All"
"10","South Ayrshire",2015,1304.847,"Gas","All"
"11","South Ayrshire",2015,1098.128,"Petroleum Products","All"
"12","Shetland Islands",2015,0,"Gas","All"
"13","City of Edinburgh",2015,10175.903,"All","All"
"14","Glasgow City",2015,5204.432,"Gas","All"
"15","Midlothian",2015,358.683,"Electricity","All"
"16","Shetland Islands",2015,9.892,"Coal","All"
"17","South Ayrshire",2015,2953.518,"All","All"
"18","Fife",2015,297.7,"Bioenergy & Wastes","All"
"19","Fife",2015,13.617,"Coal","All"
"20","South Ayrshire",2015,6.138,"Coal","All"
"21","Renfrewshire",2015,1324.787,"Petroleum Products","All"
"22","Moray",2015,1850.643,"Gas","All"
"23","Glasgow City",2015,3410.752,"Petroleum Products","All"
"24","City of Edinburgh",2015,4578.979,"Gas","All"
"25","Perth and Kinross",2015,2563.393,"Petroleum Products","All"
"26","City of Edinburgh",2015,27.535,"Coal","All"
"27","Inverclyde",2015,345.489,"Electricity","All"
"28","South Lanarkshire",2015,1267.468,"Electricity","All"
"29","East Lothian",2015,433.052,"Coal","All"
"30","Perth and Kinross",2015,1005.615,"Gas","All"
"31","Orkney Islands",2015,10.818,"Bioenergy & Wastes","All"
"32","South Lanarkshire",2015,22.346,"Coal","All"
"33","Renfrewshire",2015,1.535,"Manufactured Fuels","All"
"34","Inverclyde",2015,0.546,"Coal","All"
"35","East Ayrshire",2015,460.266,"Electricity","All"
"36","Fife",2015,12131.842,"All","All"
"37","Orkney Islands",2015,339.965,"Petroleum Products","All"
"38","Renfrewshire",2015,3715.229,"All","All"
"39","East Renfrewshire",2015,1.905,"Manufactured Fuels","All"
"40","Midlothian",2015,34.004,"Bioenergy & Wastes","All"
"41","Moray",2015,12.6,"Coal","All"
"42","East Renfrewshire",2015,247.207,"Electricity","All"
"43","Moray",2015,77.107,"Bioenergy & Wastes","All"
"44","Angus",2015,14.897,"Coal","All"
"45","North Lanarkshire",2015,2993.219,"Gas","All"
"46","South Ayrshire",2015,6.506,"Manufactured Fuels","All"
"47","East Renfrewshire",2015,22.264,"Bioenergy & Wastes","All"
"48","Perth and Kinross",2015,7.722,"Manufactured Fuels","All"
"49","Scottish Borders",2015,588.666,"Electricity","All"
"50","City of Edinburgh",2015,2432.206,"Electricity","All"
"51","South Ayrshire",2015,33.021,"Bioenergy & Wastes","All"
"52","Aberdeen City",2015,1234.071,"Electricity","All"
"53","Orkney Islands",2015,6.224,"Coal","All"
"54","Moray",2015,922.924,"Petroleum Products","All"
"55","North Ayrshire",2015,2.978,"Coal","All"
"56","North Lanarkshire",2015,3029.295,"Petroleum Products","All"
"57","East Renfrewshire",2015,625.171,"Petroleum Products","All"
"58","Highland",2015,3445.401,"Petroleum Products","All"
"59","Glasgow City",2015,11718.188,"All","All"
"60","Orkney Islands",2015,0,"Gas","All"
"61","Clackmannanshire",2015,1041.855,"Gas","All"
"62","North Lanarkshire",2015,96.828,"Bioenergy & Wastes","All"
"63","Shetland Islands",2015,202.108,"Electricity","All"
"64","Aberdeen City",2015,33.629,"Coal","All"
"65","Clackmannanshire",2015,291.575,"Petroleum Products","All"
"66","East Ayrshire",2015,80.287,"Coal","All"
"67","Fife",2015,1630.403,"Electricity","All"
"68","Inverclyde",2015,464.331,"Petroleum Products","All"
"69","Moray",2015,515.803,"Electricity","All"
"70","Inverclyde",2015,16.277,"Bioenergy & Wastes","All"
"71","Stirling",2015,1172.896,"Petroleum Products","All"
"72","Shetland Islands",2015,15.062,"Bioenergy & Wastes","All"
"73","East Ayrshire",2015,320.76,"Bioenergy & Wastes","All"
"74","Fife",2015,6774.937,"Petroleum Products","All"
"75","Angus",2015,5.021,"Manufactured Fuels","All"
"76","Moray",2015,5.702,"Manufactured Fuels","All"
"77","East Lothian",2015,727.394,"Gas","All"
"78","Inverclyde",2015,1.556,"Manufactured Fuels","All"
"79","Highland",2015,1587.519,"Electricity","All"
"80","Stirling",2015,1219.714,"Gas","All"
"81","Highland",2015,1065.33,"Bioenergy & Wastes","All"
"82","East Dunbartonshire",2015,17.538,"Bioenergy & Wastes","All"
"83","Highland",2015,1232.198,"Gas","All"
"84","Scottish Borders",2015,6.844,"Manufactured Fuels","All"
"85","Clackmannanshire",2015,1.164,"Coal","All"
"86","Shetland Islands",2015,355.074,"Petroleum Products","All"
"87","Stirling",2015,474.865,"Electricity","All"
"88","Inverclyde",2015,646.714,"Gas","All"
"89","Clackmannanshire",2015,11.666,"Bioenergy & Wastes","All"
"90","East Lothian",2015,182.76,"Bioenergy & Wastes","All"
"91","East Dunbartonshire",2015,1778.033,"All","All"
"92","West Lothian",2015,1616.296,"Petroleum Products","All"
"93","Glasgow City",2015,89.177,"Bioenergy & Wastes","All"
"94","Stirling",2015,4.984,"Manufactured Fuels","All"
"95","Inverclyde",2015,1474.912,"All","All"
"96","City of Edinburgh",2015,3.865,"Manufactured Fuels","All"
"97","East Lothian",2015,468.363,"Electricity","All"
"98","Fife",2015,3379.04,"Gas","All"
"99","Stirling",2015,3501.069,"All","All"
"100","West Lothian",2015,49.732,"Bioenergy & Wastes","All"
"101","Angus",2015,46.319,"Bioenergy & Wastes","All"
"102","Clackmannanshire",2015,1661.943,"All","All"
"103","Na h-Eileanan Siar",2015,388.755,"Petroleum Products","All"
"104","Clackmannanshire",2015,3.818,"Manufactured Fuels","All"
"105","Shetland Islands",2015,584.57,"All","All"
"106","Glasgow City",2015,1.146,"Coal","All"
"107","East Renfrewshire",2015,1635.274,"All","All"
"108","Stirling",2015,5.762,"Coal","All"
"109","Fife",2015,36.145,"Manufactured Fuels","All"
"110","East Ayrshire",2015,1031.401,"Gas","All"
"111","Highland",2015,80.961,"Coal","All"
"112","Highland",2015,18.215,"Manufactured Fuels","All"
"113","West Lothian",2015,2.147,"Coal","All"
"114","East Lothian",2015,884.736,"Petroleum Products","All"
"115","Aberdeenshire",2015,6393.962,"All","All"
"116","Dundee City",2015,2960.449,"All","All"
"117","Dundee City",2015,22.251,"Bioenergy & Wastes","All"
"118","Scottish Borders",2015,1572.882,"Petroleum Products","All"
"119","North Ayrshire",2015,5251.586,"All","All"
"120","Dumfries and Galloway",2015,5161.551,"All","All"
"121","Angus",2015,1252.289,"Petroleum Products","All"
"122","Na h-Eileanan Siar",2015,2.827,"Manufactured Fuels","All"
"123","Renfrewshire",2015,801.981,"Electricity","All"
"124","Dumfries and Galloway",2015,1124.248,"Gas","All"
"125","East Ayrshire",2015,5.658,"Manufactured Fuels","All"
"126","North Ayrshire",2015,714.01,"Electricity","All"
"127","Falkirk",2015,1348.307,"Gas","All"
"128","West Dunbartonshire",2015,742.978,"Gas","All"
"129","Aberdeen City",2015,2377.717,"Gas","All"
"130","Aberdeenshire",2015,116.104,"Bioenergy & Wastes","All"
"131","Falkirk",2015,2.68,"Coal","All"
"132","West Dunbartonshire",2015,578.406,"Petroleum Products","All"
"133","Aberdeenshire",2015,27.487,"Manufactured Fuels","All"
"134","Falkirk",2015,13761.496,"Petroleum Products","All"
"135","East Dunbartonshire",2015,1.942,"Manufactured Fuels","All"
"136","Na h-Eileanan Siar",2015,0,"Gas","All"
"137","Aberdeenshire",2015,1379.189,"Gas","All"
"138","Scottish Borders",2015,89.809,"Coal","All"
"139","East Ayrshire",2015,2976.015,"All","All"
"140","East Dunbartonshire",2015,889.085,"Gas","All"
"141","Renfrewshire",2015,0.879,"Coal","All"
"142","Dumfries and Galloway",2015,71.472,"Coal","All"
"143","West Dunbartonshire",2015,0.195,"Coal","All"
"144","Dundee City",2015,1409.321,"Gas","All"
"145","Na h-Eileanan Siar",2015,22.614,"Bioenergy & Wastes","All"
"146","North Ayrshire",2015,1535.145,"Bioenergy & Wastes","All"
"147","Falkirk",2015,730.313,"Electricity","All"
"148","West Dunbartonshire",2015,1695.399,"All","All"
"149","Dundee City",2015,0.681,"Manufactured Fuels","All"
"150","North Lanarkshire",2015,4.132,"Coal","All"
"151","Aberdeen City",2015,5169.643,"All","All"
"152","North Lanarkshire",2015,38.716,"Manufactured Fuels","All"
"153","West Dunbartonshire",2015,357.345,"Electricity","All"
"154","North Ayrshire",2015,3.592,"Manufactured Fuels","All"
"155","Argyll and Bute",2015,1145.193,"Petroleum Products","All"
"156","Argyll and Bute",2015,451.315,"Gas","All"
"157","Dundee City",2015,814.083,"Petroleum Products","All"
"158","Glasgow City",2015,3.961,"Manufactured Fuels","All"
"159","East Lothian",2015,6.205,"Manufactured Fuels","All"
"160","East Ayrshire",2015,1077.642,"Petroleum Products","All"
"161","Argyll and Bute",2015,514.659,"Electricity","All"
"162","Argyll and Bute",2015,6.448,"Manufactured Fuels","All"
"163","Na h-Eileanan Siar",2015,16.091,"Coal","All"
"164","West Dunbartonshire",2015,0.648,"Manufactured Fuels","All"
"165","Aberdeen City",2015,16.644,"Manufactured Fuels","All"
"166","Aberdeenshire",2015,1271.087,"Electricity","All"
"167","Orkney Islands",2015,141.741,"Electricity","All"
"168","Na h-Eileanan Siar",2015,584.964,"All","All"
"169","Argyll and Bute",2015,2213.05,"All","All"
"170","West Dunbartonshire",2015,15.828,"Bioenergy & Wastes","All"
"171","Dumfries and Galloway",2015,30.184,"Manufactured Fuels","All"
"172","East Dunbartonshire",2015,360.717,"Electricity","All"
"173","Angus",2015,922.761,"Gas","All"
"174","Perth and Kinross",2015,4414.62,"All","All"
"175","South Lanarkshire",2015,15.4,"Manufactured Fuels","All"
"176","West Lothian",2015,4228.478,"All","All"
"177","Perth and Kinross",2015,12.977,"Coal","All"
"178","South Lanarkshire",2015,2444.086,"Gas","All"
"179","Midlothian",2015,1673.592,"All","All"
"180","Midlothian",2015,15.593,"Coal","All"
"181","West Lothian",2015,1681.385,"Gas","All"
"182","South Lanarkshire",2015,97.37,"Bioenergy & Wastes","All"
"183","Perth and Kinross",2015,747.98,"Electricity","All"
"184","Perth and Kinross",2015,76.933,"Bioenergy & Wastes","All"
"185","South Lanarkshire",2015,2922.693,"Petroleum Products","All"
"186","Shetland Islands",2015,2.434,"Manufactured Fuels","All"
"187","Glasgow City",2015,3008.719,"Electricity","All"
"188","West Lothian",2015,869.887,"Electricity","All"
"189","Moray",2015,3384.779,"All","All"
"190","Stirling",2015,622.848,"Bioenergy & Wastes","All"
"191","Angus",2015,541.506,"Electricity","All"
"192","East Renfrewshire",2015,0.866,"Coal","All"
"193","Scottish Borders",2015,3128.691,"All","All"
"194","Aberdeenshire",2015,50.79,"Coal","All"
"195","Clackmannanshire",2015,311.865,"Electricity","All"
"196","Aberdeenshire",2015,3549.305,"Petroleum Products","All"
"197","Falkirk",2015,669.339,"Manufactured Fuels","All"
"198","Falkirk",2015,43.303,"Bioenergy & Wastes","All"
"199","Dundee City",2015,713.933,"Electricity","All"
"200","Dundee City",2015,0.18,"Coal","All"
"201","Orkney Islands",2015,2.246,"Manufactured Fuels","All"
"202","Aberdeen City",2015,1430.167,"Petroleum Products","All"
"203","Na h-Eileanan Siar",2015,154.676,"Electricity","All"
"204","Falkirk",2015,16555.439,"All","All"
"205","Dumfries and Galloway",2015,904.78,"Electricity","All"
"206","East Dunbartonshire",2015,507.361,"Petroleum Products","All"
"207","North Lanarkshire",2015,1400.028,"Electricity","All"
"208","Orkney Islands",2015,500.994,"All","All"
"209","Argyll and Bute",2015,58.9,"Bioenergy & Wastes","All"
"210","Scottish Borders",2015,754.469,"Gas","All"
"211","Argyll and Bute",2015,36.535,"Coal","All"
"212","Dumfries and Galloway",2015,2916.638,"Petroleum Products","All"
"213","City of Edinburgh",2015,104.493,"Bioenergy & Wastes","All"
"214","South Lanarkshire",2015,6769.363,"All","All"
"215","East Renfrewshire",2015,737.86,"Gas","All"
"216","Renfrewshire",2015,1549.877,"Gas","All"
"217","North Ayrshire",2015,802.727,"Petroleum Products","All"
"218","Aberdeen City",2015,77.415,"Bioenergy & Wastes","All"
"219","Dumfries and Galloway",2015,114.23,"Bioenergy & Wastes","All"
"220","Highland",2015,7429.625,"All","All"
"221","North Lanarkshire",2015,7562.218,"All","All"
"222","Scottish Borders",2015,116.022,"Bioenergy & Wastes","All"
"223","East Dunbartonshire",2015,1.391,"Coal","All"
"224","North Ayrshire",2015,2193.134,"Gas","All"
"225","Falkirk",2016,707.139,"Electricity","All"
"226","North Ayrshire",2016,2247.564,"Gas","All"
"227","West Dunbartonshire",2016,714.864,"Gas","All"
"228","Dundee City",2016,0.193,"Coal","All"
"229","North Lanarkshire",2016,1337.146,"Electricity","All"
"230","Aberdeenshire",2016,1398.072,"Gas","All"
"231","Glasgow City",2016,3428.281,"Petroleum Products","All"
"232","Midlothian",2016,36.248,"Bioenergy & Wastes","All"
"233","Shetland Islands",2016,8.664,"Coal","All"
"234","Perth and Kinross",2016,20.463,"Coal","All"
"235","South Lanarkshire",2016,10.31,"Manufactured Fuels","All"
"236","Scottish Borders",2016,1565.669,"Petroleum Products","All"
"237","Aberdeen City",2016,5019.812,"All","All"
"238","Aberdeen City",2016,2323.112,"Gas","All"
"239","Scottish Borders",2016,6.546,"Manufactured Fuels","All"
"240","Aberdeenshire",2016,3711.475,"Petroleum Products","All"
"241","Falkirk",2016,17550.241,"All","All"
"242","East Dunbartonshire",2016,1.849,"Manufactured Fuels","All"
"243","North Lanarkshire",2016,18.962,"Manufactured Fuels","All"
"244","Aberdeenshire",2016,46.489,"Coal","All"
"245","Aberdeenshire",2016,6531.55,"All","All"
"246","East Dunbartonshire",2016,509.247,"Petroleum Products","All"
"247","Dumfries and Galloway",2016,869.409,"Electricity","All"
"248","South Ayrshire",2016,4.817,"Manufactured Fuels","All"
"249","South Ayrshire",2016,5.412,"Coal","All"
"250","West Lothian",2016,52.051,"Bioenergy & Wastes","All"
"251","Perth and Kinross",2016,1003.398,"Gas","All"
"252","South Ayrshire",2016,34.779,"Bioenergy & Wastes","All"
"253","South Lanarkshire",2016,2418.812,"Gas","All"
"254","South Ayrshire",2016,1117.864,"Petroleum Products","All"
"255","South Ayrshire",2016,1279.523,"Gas","All"
"256","Moray",2016,930.75,"Petroleum Products","All"
"257","Midlothian",2016,2.836,"Manufactured Fuels","All"
"258","Moray",2016,103.269,"Bioenergy & Wastes","All"
"259","Moray",2016,5.571,"Manufactured Fuels","All"
"260","Perth and Kinross",2016,7.547,"Manufactured Fuels","All"
"261","South Lanarkshire",2016,101.351,"Bioenergy & Wastes","All"
"262","Midlothian",2016,1733.073,"All","All"
"263","Perth and Kinross",2016,80.422,"Bioenergy & Wastes","All"
"264","Shetland Islands",2016,0,"Gas","All"
"265","West Lothian",2016,6.05,"Manufactured Fuels","All"
"266","Midlothian",2016,670.252,"Petroleum Products","All"
"267","Perth and Kinross",2016,4435.034,"All","All"
"268","Scottish Borders",2016,118.048,"Bioenergy & Wastes","All"
"269","Midlothian",2016,13.121,"Coal","All"
"270","Perth and Kinross",2016,727.801,"Electricity","All"
"271","Inverclyde",2016,0.576,"Coal","All"
"272","Shetland Islands",2016,363.169,"Petroleum Products","All"
"273","Highland",2016,78.809,"Coal","All"
"274","Shetland Islands",2016,579.64,"All","All"
"275","Highland",2016,17.382,"Manufactured Fuels","All"
"276","Highland",2016,1556.094,"Electricity","All"
"277","Glasgow City",2016,11351.289,"All","All"
"278","Orkney Islands",2016,505.454,"All","All"
"279","East Dunbartonshire",2016,897.577,"Gas","All"
"280","East Dunbartonshire",2016,346.304,"Electricity","All"
"281","Clackmannanshire",2016,295.329,"Petroleum Products","All"
"282","North Ayrshire",2016,4.175,"Coal","All"
"283","Clackmannanshire",2016,2.315,"Manufactured Fuels","All"
"284","Highland",2016,1161.374,"Gas","All"
"285","Aberdeen City",2016,27.526,"Coal","All"
"286","Falkirk",2016,682.893,"Manufactured Fuels","All"
"287","Dumfries and Galloway",2016,119.651,"Bioenergy & Wastes","All"
"288","Falkirk",2016,14752.047,"Petroleum Products","All"
"289","Falkirk",2016,45.189,"Bioenergy & Wastes","All"
"290","Orkney Islands",2016,0,"Gas","All"
"291","North Lanarkshire",2016,7331.003,"All","All"
"292","North Ayrshire",2016,1575.645,"Bioenergy & Wastes","All"
"293","Aberdeen City",2016,72.182,"Bioenergy & Wastes","All"
"294","East Dunbartonshire",2016,18.274,"Bioenergy & Wastes","All"
"295","East Dunbartonshire",2016,3.225,"Coal","All"
"296","Aberdeen City",2016,9.096,"Manufactured Fuels","All"
"297","Dumfries and Galloway",2016,3004.757,"Petroleum Products","All"
"298","North Ayrshire",2016,798.549,"Petroleum Products","All"
"299","Glasgow City",2016,1.137,"Coal","All"
"300","North Ayrshire",2016,5289.962,"All","All"
"301","East Dunbartonshire",2016,1776.477,"All","All"
"302","Glasgow City",2016,2.757,"Manufactured Fuels","All"
"303","Aberdeen City",2016,1436.544,"Petroleum Products","All"
"304","Clackmannanshire",2016,311.504,"Electricity","All"
"305","North Ayrshire",2016,3.124,"Manufactured Fuels","All"
"306","North Lanarkshire",2016,4.047,"Coal","All"
"307","Dumfries and Galloway",2016,48.463,"Coal","All"
"308","Dumfries and Galloway",2016,1192.655,"Gas","All"
"309","Na h-Eileanan Siar",2016,2.768,"Manufactured Fuels","All"
"310","Dundee City",2016,0.658,"Manufactured Fuels","All"
"311","West Dunbartonshire",2016,0.481,"Manufactured Fuels","All"
"312","West Dunbartonshire",2016,573.914,"Petroleum Products","All"
"313","Dundee City",2016,1409.992,"Gas","All"
"314","Na h-Eileanan Siar",2016,23.649,"Bioenergy & Wastes","All"
"315","Aberdeenshire",2016,125.387,"Bioenergy & Wastes","All"
"316","Falkirk",2016,1360.256,"Gas","All"
"317","Na h-Eileanan Siar",2016,14.542,"Coal","All"
"318","West Dunbartonshire",2016,15.909,"Bioenergy & Wastes","All"
"319","Dumfries and Galloway",2016,5252.919,"All","All"
"320","Aberdeenshire",2016,1228.86,"Electricity","All"
"321","Aberdeenshire",2016,21.267,"Manufactured Fuels","All"
"322","Highland",2016,1096.467,"Bioenergy & Wastes","All"
"323","North Ayrshire",2016,660.905,"Electricity","All"
"324","West Lothian",2016,3.653,"Coal","All"
"325","Aberdeen City",2016,1151.352,"Electricity","All"
"326","Highland",2016,7395.977,"All","All"
"327","Dundee City",2016,676.996,"Electricity","All"
"328","Scottish Borders",2016,797.132,"Gas","All"
"329","Scottish Borders",2016,75.754,"Coal","All"
"330","Falkirk",2016,2.718,"Coal","All"
"331","Orkney Islands",2016,2.198,"Manufactured Fuels","All"
"332","Dundee City",2016,811.047,"Petroleum Products","All"
"333","West Dunbartonshire",2016,0.194,"Coal","All"
"334","Renfrewshire",2016,3691.656,"All","All"
"335","West Dunbartonshire",2016,339.762,"Electricity","All"
"336","East Renfrewshire",2016,635.379,"Petroleum Products","All"
"337","East Renfrewshire",2016,746.451,"Gas","All"
"338","Angus",2016,4.898,"Manufactured Fuels","All"
"339","City of Edinburgh",2016,4550.348,"Gas","All"
"340","Argyll and Bute",2016,452.073,"Gas","All"
"341","City of Edinburgh",2016,106.753,"Bioenergy & Wastes","All"
"342","Angus",2016,514.192,"Electricity","All"
"343","North Lanarkshire",2016,3033.893,"Petroleum Products","All"
"344","East Ayrshire",2016,433.17,"Electricity","All"
"345","Renfrewshire",2016,1570.527,"Gas","All"
"346","East Ayrshire",2016,66.211,"Coal","All"
"347","Dundee City",2016,2921.352,"All","All"
"348","Orkney Islands",2016,134.114,"Electricity","All"
"349","Na h-Eileanan Siar",2016,15.146,"Gas","All"
"350","Renfrewshire",2016,770.291,"Electricity","All"
"351","Orkney Islands",2016,7.194,"Coal","All"
"352","East Lothian",2016,903.805,"Petroleum Products","All"
"353","East Ayrshire",2016,5.523,"Manufactured Fuels","All"
"354","City of Edinburgh",2016,3.696,"Manufactured Fuels","All"
"355","Angus",2016,893.631,"Gas","All"
"356","Argyll and Bute",2016,1157.117,"Petroleum Products","All"
"357","Orkney Islands",2016,350.331,"Petroleum Products","All"
"358","East Ayrshire",2016,2820.031,"All","All"
"359","Angus",2016,2737.808,"All","All"
"360","Angus",2016,1263.35,"Petroleum Products","All"
"361","Orkney Islands",2016,11.616,"Bioenergy & Wastes","All"
"362","Argyll and Bute",2016,499.148,"Electricity","All"
"363","West Dunbartonshire",2016,1645.124,"All","All"
"364","City of Edinburgh",2016,3064.674,"Petroleum Products","All"
"365","City of Edinburgh",2016,2323.985,"Electricity","All"
"366","East Lothian",2016,4.864,"Manufactured Fuels","All"
"367","Na h-Eileanan Siar",2016,394.901,"Petroleum Products","All"
"368","Dumfries and Galloway",2016,17.984,"Manufactured Fuels","All"
"369","East Lothian",2016,83.422,"Bioenergy & Wastes","All"
"370","East Renfrewshire",2016,23.307,"Bioenergy & Wastes","All"
"371","Angus",2016,13.354,"Coal","All"
"372","East Lothian",2016,740.855,"Gas","All"
"373","Renfrewshire",2016,36.43,"Bioenergy & Wastes","All"
"374","Argyll and Bute",2016,2213.124,"All","All"
"375","Renfrewshire",2016,1.491,"Manufactured Fuels","All"
"376","East Renfrewshire",2016,1644.665,"All","All"
"377","East Renfrewshire",2016,1.847,"Manufactured Fuels","All"
"378","East Renfrewshire",2016,236.822,"Electricity","All"
"379","Dundee City",2016,22.465,"Bioenergy & Wastes","All"
"380","City of Edinburgh",2016,23.056,"Coal","All"
"381","East Lothian",2016,2771.624,"All","All"
"382","Na h-Eileanan Siar",2016,150.033,"Electricity","All"
"383","Na h-Eileanan Siar",2016,601.039,"All","All"
"384","Renfrewshire",2016,0.869,"Coal","All"
"385","East Lothian",2016,576.633,"Coal","All"
"386","Argyll and Bute",2016,6.084,"Manufactured Fuels","All"
"387","Argyll and Bute",2016,61.398,"Bioenergy & Wastes","All"
"388","Argyll and Bute",2016,37.304,"Coal","All"
"389","East Ayrshire",2016,1082.455,"Petroleum Products","All"
"390","East Lothian",2016,462.046,"Electricity","All"
"391","East Ayrshire",2016,1036.84,"Gas","All"
"392","Renfrewshire",2016,1312.048,"Petroleum Products","All"
"393","City of Edinburgh",2016,10072.51,"All","All"
"394","East Ayrshire",2016,195.832,"Bioenergy & Wastes","All"
"395","Glasgow City",2016,2792.481,"Electricity","All"
"396","Clackmannanshire",2016,1.156,"Coal","All"
"397","Shetland Islands",2016,2.233,"Manufactured Fuels","All"
"398","Fife",2016,1571.237,"Electricity","All"
"399","Fife",2016,278.162,"Bioenergy & Wastes","All"
"400","Stirling",2016,1255.196,"Gas","All"
"401","Stirling",2016,3573.918,"All","All"
"402","Fife",2016,14.282,"Coal","All"
"403","Stirling",2016,1194.616,"Petroleum Products","All"
"404","Inverclyde",2016,456.023,"Petroleum Products","All"
"405","Fife",2016,3378.961,"Gas","All"
"406","Highland",2016,3485.85,"Petroleum Products","All"
"407","Clackmannanshire",2016,1099.814,"Gas","All"
"408","West Lothian",2016,1638.839,"Petroleum Products","All"
"409","Stirling",2016,6.154,"Coal","All"
"410","Fife",2016,21.292,"Manufactured Fuels","All"
"411","North Lanarkshire",2016,2836.808,"Gas","All"
"412","North Lanarkshire",2016,100.148,"Bioenergy & Wastes","All"
"413","South Ayrshire",2016,2920.272,"All","All"
"414","South Ayrshire",2016,477.877,"Electricity","All"
"415","West Lothian",2016,830.122,"Electricity","All"
"416","Scottish Borders",2016,564.801,"Electricity","All"
"417","Moray",2016,23.234,"Coal","All"
"418","Inverclyde",2016,317.231,"Electricity","All"
"419","Clackmannanshire",2016,1722.49,"All","All"
"420","Inverclyde",2016,1424.976,"All","All"
"421","Inverclyde",2016,16.58,"Bioenergy & Wastes","All"
"422","Inverclyde",2016,633.248,"Gas","All"
"423","Stirling",2016,474.032,"Electricity","All"
"424","Shetland Islands",2016,189.686,"Electricity","All"
"425","Glasgow City",2016,91.107,"Bioenergy & Wastes","All"
"426","Midlothian",2016,348.024,"Electricity","All"
"427","Perth and Kinross",2016,2595.403,"Petroleum Products","All"
"428","Midlothian",2016,662.592,"Gas","All"
"429","Stirling",2016,4.343,"Manufactured Fuels","All"
"430","West Lothian",2016,1721.437,"Gas","All"
"431","Clackmannanshire",2016,12.371,"Bioenergy & Wastes","All"
"432","Stirling",2016,639.576,"Bioenergy & Wastes","All"
"433","Angus",2016,48.383,"Bioenergy & Wastes","All"
"434","East Renfrewshire",2016,0.859,"Coal","All"
"435","Fife",2016,7129.495,"Petroleum Products","All"
"436","West Lothian",2016,4252.152,"All","All"
"437","Fife",2016,12393.43,"All","All"
"438","South Lanarkshire",2016,2964.027,"Petroleum Products","All"
"439","Inverclyde",2016,1.318,"Manufactured Fuels","All"
"440","Moray",2016,3407.35,"All","All"
"441","South Lanarkshire",2016,6680.051,"All","All"
"442","South Lanarkshire",2016,1166.523,"Electricity","All"
"443","South Lanarkshire",2016,19.029,"Coal","All"
"444","Glasgow City",2016,5035.525,"Gas","All"
"445","Shetland Islands",2016,15.89,"Bioenergy & Wastes","All"
"446","Scottish Borders",2016,3127.949,"All","All"
"447","Moray",2016,1848.991,"Gas","All"
"448","Moray",2016,495.535,"Electricity","All"
"449","East Renfrewshire",2019,769.989,"Gas","All"
"450","Orkney Islands",2019,4.988,"Coal","All"
"451","City of Edinburgh",2019,4602.524,"Gas","All"
"452","North Lanarkshire",2019,180.931,"Bioenergy & Wastes","All"
"453","East Ayrshire",2019,416.739,"Electricity","All"
"454","City of Edinburgh",2019,2268.726,"Electricity","All"
"455","Angus",2019,8.81,"Coal","All"
"456","Orkney Islands",2019,0,"Gas","All"
"457","Orkney Islands",2019,2.529,"Manufactured Fuels","All"
"458","North Lanarkshire",2019,3.368,"Coal","All"
"459","City of Edinburgh",2019,2909.64,"Petroleum Products","All"
"460","City of Edinburgh",2019,14.348,"Coal","All"
"461","Orkney Islands",2019,18.52,"Bioenergy & Wastes","All"
"462","East Ayrshire",2019,328.059,"Bioenergy & Wastes","All"
"463","City of Edinburgh",2019,185.108,"Bioenergy & Wastes","All"
"464","East Renfrewshire",2019,37.21,"Bioenergy & Wastes","All"
"465","City of Edinburgh",2019,4.274,"Manufactured Fuels","All"
"466","Scottish Borders",2019,1563.115,"Petroleum Products","All"
"467","East Dunbartonshire",2019,1786.335,"All","All"
"468","East Dunbartonshire",2019,915.26,"Gas","All"
"469","Highland",2019,1133.137,"Gas","All"
"470","West Dunbartonshire",2019,735.441,"Gas","All"
"471","Clackmannanshire",2019,19.398,"Bioenergy & Wastes","All"
"472","Highland",2019,1139.387,"Bioenergy & Wastes","All"
"473","Clackmannanshire",2019,2.728,"Manufactured Fuels","All"
"474","Aberdeen City",2019,2278.418,"Gas","All"
"475","East Dunbartonshire",2019,508.291,"Petroleum Products","All"
"476","East Renfrewshire",2019,0.779,"Coal","All"
"477","West Dunbartonshire",2019,1653.681,"All","All"
"478","East Renfrewshire",2019,620.316,"Petroleum Products","All"
"479","Aberdeen City",2019,136.058,"Bioenergy & Wastes","All"
"480","North Ayrshire",2019,2217.444,"Gas","All"
"481","Clackmannanshire",2019,1736.519,"All","All"
"482","Clackmannanshire",2019,298.765,"Electricity","All"
"483","East Lothian",2019,466.791,"Electricity","All"
"484","Orkney Islands",2019,140.287,"Electricity","All"
"485","East Lothian",2019,813.001,"Gas","All"
"486","East Lothian",2019,294.25,"Bioenergy & Wastes","All"
"487","East Renfrewshire",2019,223.196,"Electricity","All"
"488","North Lanarkshire",2019,3278.297,"Petroleum Products","All"
"489","Angus",2019,2736.67,"All","All"
"490","East Renfrewshire",2019,2.334,"Manufactured Fuels","All"
"491","Renfrewshire",2019,3746.717,"All","All"
"492","City of Edinburgh",2019,9984.622,"All","All"
"493","Argyll and Bute",2019,21.526,"Coal","All"
"494","Dumfries and Galloway",2019,19.2,"Manufactured Fuels","All"
"495","Na h-Eileanan Siar",2019,153.388,"Electricity","All"
"496","Dundee City",2019,800.261,"Petroleum Products","All"
"497","Argyll and Bute",2019,2223.457,"All","All"
"498","North Lanarkshire",2019,1295.333,"Electricity","All"
"499","Orkney Islands",2019,509.132,"All","All"
"500","East Renfrewshire",2019,1653.823,"All","All"
"501","Renfrewshire",2019,1.857,"Manufactured Fuels","All"
"502","Orkney Islands",2019,342.808,"Petroleum Products","All"
"503","Renfrewshire",2019,1349.58,"Petroleum Products","All"
"504","Angus",2019,5.833,"Manufactured Fuels","All"
"505","East Ayrshire",2019,1122.027,"Petroleum Products","All"
"506","East Ayrshire",2019,39.095,"Coal","All"
"507","Angus",2019,517.332,"Electricity","All"
"508","East Lothian",2019,500.605,"Coal","All"
"509","Angus",2019,82.814,"Bioenergy & Wastes","All"
"510","Renfrewshire",2019,64.063,"Bioenergy & Wastes","All"
"511","East Lothian",2019,5.682,"Manufactured Fuels","All"
"512","East Lothian",2019,3030.488,"All","All"
"513","Angus",2019,881.257,"Gas","All"
"514","Renfrewshire",2019,0.759,"Coal","All"
"515","Renfrewshire",2019,744.255,"Electricity","All"
"516","East Lothian",2019,950.16,"Petroleum Products","All"
"517","Renfrewshire",2019,1586.203,"Gas","All"
"518","Aberdeenshire",2019,1192.962,"Electricity","All"
"519","Falkirk",2019,76.48,"Bioenergy & Wastes","All"
"520","North Ayrshire",2019,1469.305,"Bioenergy & Wastes","All"
"521","Dumfries and Galloway",2019,1161.469,"Gas","All"
"522","Aberdeenshire",2019,23.724,"Manufactured Fuels","All"
"523","North Ayrshire",2019,3.816,"Manufactured Fuels","All"
"524","Highland",2019,54.898,"Coal","All"
"525","West Dunbartonshire",2019,338.113,"Electricity","All"
"526","Highland",2019,20.12,"Manufactured Fuels","All"
"527","Fife",2019,3273.248,"Gas","All"
"528","Clackmannanshire",2019,1114.969,"Gas","All"
"529","Glasgow City",2019,157.097,"Bioenergy & Wastes","All"
"530","East Dunbartonshire",2019,330.003,"Electricity","All"
"531","Falkirk",2019,13612.237,"Petroleum Products","All"
"532","Dumfries and Galloway",2019,30.937,"Coal","All"
"533","Aberdeen City",2019,10.628,"Manufactured Fuels","All"
"534","Falkirk",2019,1275.376,"Gas","All"
"535","Aberdeenshire",2019,209.69,"Bioenergy & Wastes","All"
"536","Scottish Borders",2019,3174.366,"All","All"
"537","Dumfries and Galloway",2019,821.147,"Electricity","All"
"538","East Dunbartonshire",2019,2.219,"Manufactured Fuels","All"
"539","Scottish Borders",2019,7.584,"Manufactured Fuels","All"
"540","East Dunbartonshire",2019,28.892,"Bioenergy & Wastes","All"
"541","Aberdeenshire",2019,6527.799,"All","All"
"542","Aberdeen City",2019,18.034,"Coal","All"
"543","Falkirk",2019,574.462,"Manufactured Fuels","All"
"544","Falkirk",2019,16209.354,"All","All"
"545","Dumfries and Galloway",2019,2972.436,"Petroleum Products","All"
"546","Scottish Borders",2019,786.436,"Gas","All"
"547","Highland",2019,3474.536,"Petroleum Products","All"
"548","West Dunbartonshire",2019,26.138,"Bioenergy & Wastes","All"
"549","North Lanarkshire",2019,22.069,"Manufactured Fuels","All"
"550","Scottish Borders",2019,544.497,"Electricity","All"
"551","Fife",2019,11544.174,"All","All"
"552","Stirling",2019,5.019,"Manufactured Fuels","All"
"553","East Dunbartonshire",2019,1.67,"Coal","All"
"554","Highland",2019,1476.515,"Electricity","All"
"555","North Ayrshire",2019,662.166,"Electricity","All"
"556","Aberdeen City",2019,5100.462,"All","All"
"557","Scottish Borders",2019,228.463,"Bioenergy & Wastes","All"
"558","Aberdeen City",2019,1584.183,"Petroleum Products","All"
"559","Aberdeen City",2019,1073.141,"Electricity","All"
"560","Stirling",2019,4.299,"Coal","All"
"561","Stirling",2019,3645.956,"All","All"
"562","Highland",2019,7298.592,"All","All"
"563","Fife",2019,24.638,"Manufactured Fuels","All"
"564","Fife",2019,10.35,"Coal","All"
"565","West Dunbartonshire",2019,553.218,"Petroleum Products","All"
"566","Stirling",2019,1195.434,"Gas","All"
"567","Fife",2019,6533.589,"Petroleum Products","All"
"568","Stirling",2019,776.444,"Bioenergy & Wastes","All"
"569","Glasgow City",2019,3.316,"Manufactured Fuels","All"
"570","Stirling",2019,443.533,"Electricity","All"
"571","Shetland Islands",2019,0,"Gas","All"
"572","South Ayrshire",2019,460.867,"Electricity","All"
"573","South Ayrshire",2019,1271.917,"Gas","All"
"574","South Ayrshire",2019,3.322,"Coal","All"
"575","Shetland Islands",2019,572.02,"All","All"
"576","Perth and Kinross",2019,1026.798,"Gas","All"
"577","Midlothian",2019,339.297,"Electricity","All"
"578","Perth and Kinross",2019,8.811,"Manufactured Fuels","All"
"579","Perth and Kinross",2019,140.8,"Bioenergy & Wastes","All"
"580","South Ayrshire",2019,1092.019,"Petroleum Products","All"
"581","Shetland Islands",2019,356.371,"Petroleum Products","All"
"582","Inverclyde",2019,1.664,"Manufactured Fuels","All"
"583","South Lanarkshire",2019,12.329,"Coal","All"
"584","South Lanarkshire",2019,6822.469,"All","All"
"585","West Lothian",2019,7.195,"Manufactured Fuels","All"
"586","Moray",2019,3480.26,"All","All"
"587","West Lothian",2019,2.275,"Coal","All"
"588","Glasgow City",2019,1.021,"Coal","All"
"589","Moray",2019,122.292,"Bioenergy & Wastes","All"
"590","Inverclyde",2019,641.771,"Gas","All"
"591","Clackmannanshire",2019,299.613,"Petroleum Products","All"
"592","West Lothian",2019,2168.363,"Gas","All"
"593","Fife",2019,1474.86,"Electricity","All"
"594","North Ayrshire",2019,2.37,"Coal","All"
"595","Inverclyde",2019,1399.067,"All","All"
"596","Clackmannanshire",2019,1.045,"Coal","All"
"597","Shetland Islands",2019,5.946,"Coal","All"
"598","West Dunbartonshire",2019,0.602,"Manufactured Fuels","All"
"599","Inverclyde",2019,436.062,"Petroleum Products","All"
"600","Inverclyde",2019,25.487,"Bioenergy & Wastes","All"
"601","Inverclyde",2019,293.605,"Electricity","All"
"602","Fife",2019,227.489,"Bioenergy & Wastes","All"
"603","Glasgow City",2019,11337.401,"All","All"
"604","Stirling",2019,1221.226,"Petroleum Products","All"
"605","Inverclyde",2019,0.477,"Coal","All"
"606","Midlothian",2019,62.901,"Bioenergy & Wastes","All"
"607","South Ayrshire",2019,2889.86,"All","All"
"608","South Lanarkshire",2019,12.116,"Manufactured Fuels","All"
"609","Perth and Kinross",2019,11.528,"Coal","All"
"610","Shetland Islands",2019,179.84,"Electricity","All"
"611","Midlothian",2019,692.733,"Gas","All"
"612","Moray",2019,6.528,"Manufactured Fuels","All"
"613","South Ayrshire",2019,5.706,"Manufactured Fuels","All"
"614","West Lothian",2019,778.297,"Electricity","All"
"615","Glasgow City",2019,2657.998,"Electricity","All"
"616","Midlothian",2019,3.446,"Manufactured Fuels","All"
"617","South Ayrshire",2019,56.029,"Bioenergy & Wastes","All"
"618","West Lothian",2019,4703.367,"All","All"
"619","Perth and Kinross",2019,2582.045,"Petroleum Products","All"
"620","Midlothian",2019,655.943,"Petroleum Products","All"
"621","Angus",2019,1240.624,"Petroleum Products","All"
"622","Falkirk",2019,2.46,"Coal","All"
"623","East Ayrshire",2019,2941.07,"All","All"
"624","East Ayrshire",2019,1028.613,"Gas","All"
"625","Argyll and Bute",2019,1118.377,"Petroleum Products","All"
"626","Na h-Eileanan Siar",2019,41.332,"Bioenergy & Wastes","All"
"627","Dundee City",2019,612.727,"Electricity","All"
"628","North Ayrshire",2019,781.067,"Petroleum Products","All"
"629","Scottish Borders",2019,44.272,"Coal","All"
"630","Argyll and Bute",2019,7.009,"Manufactured Fuels","All"
"631","East Ayrshire",2019,6.539,"Manufactured Fuels","All"
"632","Na h-Eileanan Siar",2019,596.534,"All","All"
"633","Argyll and Bute",2019,109.916,"Bioenergy & Wastes","All"
"634","Argyll and Bute",2019,502.244,"Electricity","All"
"635","Dundee City",2019,0.862,"Manufactured Fuels","All"
"636","Na h-Eileanan Siar",2019,366.632,"Petroleum Products","All"
"637","Dundee City",2019,1353.987,"Gas","All"
"638","North Lanarkshire",2019,2882.874,"Gas","All"
"639","Dundee City",2019,2804.997,"All","All"
"640","Aberdeenshire",2019,1420.033,"Gas","All"
"641","Aberdeenshire",2019,30.111,"Coal","All"
"642","Dumfries and Galloway",2019,222.979,"Bioenergy & Wastes","All"
"643","Falkirk",2019,668.338,"Electricity","All"
"644","Dumfries and Galloway",2019,5228.168,"All","All"
"645","Aberdeenshire",2019,3651.28,"Petroleum Products","All"
"646","Midlothian",2019,8.415,"Coal","All"
"647","Moray",2019,1847.185,"Gas","All"
"648","Perth and Kinross",2019,709.864,"Electricity","All"
"649","South Lanarkshire",2019,187.329,"Bioenergy & Wastes","All"
"650","West Lothian",2019,89.613,"Bioenergy & Wastes","All"
"651","Moray",2019,12.732,"Coal","All"
"652","Perth and Kinross",2019,4479.847,"All","All"
"653","Moray",2019,1016.655,"Petroleum Products","All"
"654","Shetland Islands",2019,27.321,"Bioenergy & Wastes","All"
"655","South Lanarkshire",2019,2485.814,"Gas","All"
"656","South Lanarkshire",2019,1120.708,"Electricity","All"
"657","Glasgow City",2019,5194.083,"Gas","All"
"658","South Lanarkshire",2019,3004.174,"Petroleum Products","All"
"659","North Ayrshire",2019,5136.169,"All","All"
"660","Glasgow City",2019,3323.886,"Petroleum Products","All"
"661","Moray",2019,474.866,"Electricity","All"
"662","Shetland Islands",2019,2.542,"Manufactured Fuels","All"
"663","Argyll and Bute",2019,464.385,"Gas","All"
"664","Na h-Eileanan Siar",2019,9.086,"Coal","All"
"665","Dundee City",2019,0.157,"Coal","All"
"666","Na h-Eileanan Siar",2019,22.925,"Gas","All"
"667","Dundee City",2019,37.003,"Bioenergy & Wastes","All"
"668","West Dunbartonshire",2019,0.169,"Coal","All"
"669","West Lothian",2019,1657.624,"Petroleum Products","All"
"670","Midlothian",2019,1762.735,"All","All"
"671","Na h-Eileanan Siar",2019,3.17,"Manufactured Fuels","All"
"672","North Lanarkshire",2019,7662.872,"All","All"
"673","South Lanarkshire",2020,2469.594,"Petroleum Products","All"
"674","Inverclyde",2020,282.443,"Electricity","All"
"675","Perth and Kinross",2020,136.139,"Bioenergy & Wastes","All"
"676","South Lanarkshire",2020,193.589,"Bioenergy & Wastes","All"
"677","Midlothian",2020,691.329,"Gas","All"
"678","Midlothian",2020,8.262,"Coal","All"
"679","Perth and Kinross",2020,12.883,"Coal","All"
"680","South Lanarkshire",2020,13.732,"Manufactured Fuels","All"
"681","Midlothian",2020,333.193,"Electricity","All"
"682","Midlothian",2020,529.267,"Petroleum Products","All"
"683","Midlothian",2020,69.413,"Bioenergy & Wastes","All"
"684","South Ayrshire",2020,430.488,"Electricity","All"
"685","Glasgow City",2020,148.261,"Bioenergy & Wastes","All"
"686","Moray",2020,6.274,"Manufactured Fuels","All"
"687","Moray",2020,913.691,"Petroleum Products","All"
"688","Glasgow City",2020,5257.396,"Gas","All"
"689","West Lothian",2020,86.548,"Bioenergy & Wastes","All"
"690","South Ayrshire",2020,1301.429,"Gas","All"
"691","Glasgow City",2020,10503.3,"All","All"
"692","Moray",2020,14.844,"Coal","All"
"693","South Lanarkshire",2020,1081.584,"Electricity","All"
"694","Midlothian",2020,1634.766,"All","All"
"695","Perth and Kinross",2020,1036.853,"Gas","All"
"696","Perth and Kinross",2020,673.185,"Electricity","All"
"697","Moray",2020,1738.007,"Gas","All"
"698","Glasgow City",2020,2655.339,"Petroleum Products","All"
"699","South Ayrshire",2020,53.623,"Bioenergy & Wastes","All"
"700","South Lanarkshire",2020,12.105,"Coal","All"
"701","West Lothian",2020,8.16,"Manufactured Fuels","All"
"702","Dundee City",2020,1700.081,"Gas","All"
"703","Na h-Eileanan Siar",2020,3.052,"Manufactured Fuels","All"
"704","East Renfrewshire",2020,35.96,"Bioenergy & Wastes","All"
"705","Argyll and Bute",2020,971.611,"Petroleum Products","All"
"706","East Ayrshire",2020,1079.673,"Gas","All"
"707","Angus",2020,5.598,"Manufactured Fuels","All"
"708","Na h-Eileanan Siar",2020,49.428,"Bioenergy & Wastes","All"
"709","Argyll and Bute",2020,465.02,"Gas","All"
"710","Na h-Eileanan Siar",2020,9.098,"Coal","All"
"711","East Ayrshire",2020,338.678,"Bioenergy & Wastes","All"
"712","Angus",2020,2599.12,"All","All"
"713","Na h-Eileanan Siar",2020,576.678,"All","All"
"714","Na h-Eileanan Siar",2020,342.503,"Petroleum Products","All"
"715","East Renfrewshire",2020,2.229,"Manufactured Fuels","All"
"716","Angus",2020,491.093,"Electricity","All"
"717","Perth and Kinross",2020,8.47,"Manufactured Fuels","All"
"718","City of Edinburgh",2020,2031.651,"Electricity","All"
"719","East Ayrshire",2020,38.627,"Coal","All"
"720","City of Edinburgh",2020,190.418,"Bioenergy & Wastes","All"
"721","East Renfrewshire",2020,1550.65,"All","All"
"722","East Ayrshire",2020,394.22,"Electricity","All"
"723","City of Edinburgh",2020,4677.436,"Gas","All"
"724","Angus",2020,1043.882,"Petroleum Products","All"
"725","East Renfrewshire",2020,0.742,"Coal","All"
"726","Fife",2020,170.671,"Bioenergy & Wastes","All"
"727","Inverclyde",2020,1.666,"Manufactured Fuels","All"
"728","Stirling",2020,747.472,"Bioenergy & Wastes","All"
"729","Stirling",2020,3348.679,"All","All"
"730","Fife",2020,1442.939,"Electricity","All"
"731","Inverclyde",2020,364.609,"Petroleum Products","All"
"732","Inverclyde",2020,0.463,"Coal","All"
"733","Aberdeen City",2020,147.599,"Bioenergy & Wastes","All"
"734","Aberdeen City",2020,4781.699,"All","All"
"735","East Dunbartonshire",2020,2.148,"Manufactured Fuels","All"
"736","Clackmannanshire",2020,1693.166,"All","All"
"737","Highland",2020,1144.31,"Gas","All"
"738","East Dunbartonshire",2020,1.992,"Coal","All"
"739","East Dunbartonshire",2020,936.32,"Gas","All"
"740","Stirling",2020,947.392,"Petroleum Products","All"
"741","Fife",2020,6800.05,"Petroleum Products","All"
"742","Stirling",2020,426.794,"Electricity","All"
"743","Highland",2020,54.704,"Coal","All"
"744","Inverclyde",2020,1469.074,"All","All"
"745","Clackmannanshire",2020,243.695,"Petroleum Products","All"
"746","Clackmannanshire",2020,296.505,"Electricity","All"
"747","Stirling",2020,1217.572,"Gas","All"
"748","South Lanarkshire",2020,2547.771,"Gas","All"
"749","Inverclyde",2020,25.258,"Bioenergy & Wastes","All"
"750","South Lanarkshire",2020,6318.375,"All","All"
"751","Inverclyde",2020,794.634,"Gas","All"
"752","Clackmannanshire",2020,1130,"Gas","All"
"753","Fife",2020,10.307,"Coal","All"
"754","South Ayrshire",2020,6.074,"Manufactured Fuels","All"
"755","Moray",2020,461.918,"Electricity","All"
"756","South Ayrshire",2020,909.875,"Petroleum Products","All"
"757","Clackmannanshire",2020,3.166,"Manufactured Fuels","All"
"758","Aberdeen City",2020,2351.605,"Gas","All"
"759","South Ayrshire",2020,2704.49,"All","All"
"760","Shetland Islands",2020,544.392,"All","All"
"761","Shetland Islands",2020,5.881,"Coal","All"
"762","Perth and Kinross",2020,2083.51,"Petroleum Products","All"
"763","Midlothian",2020,3.302,"Manufactured Fuels","All"
"764","Perth and Kinross",2020,3951.04,"All","All"
"765","South Ayrshire",2020,3.001,"Coal","All"
"766","Highland",2020,3012.625,"Petroleum Products","All"
"767","East Dunbartonshire",2020,421.956,"Petroleum Products","All"
"768","Fife",2020,3450.123,"Gas","All"
"769","Highland",2020,19.535,"Manufactured Fuels","All"
"770","Aberdeen City",2020,13.291,"Manufactured Fuels","All"
"771","Clackmannanshire",2020,18.802,"Bioenergy & Wastes","All"
"772","Highland",2020,6847.367,"All","All"
"773","Aberdeen City",2020,17.848,"Coal","All"
"774","Aberdeen City",2020,964.712,"Electricity","All"
"775","East Dunbartonshire",2020,323.629,"Electricity","All"
"776","Clackmannanshire",2020,0.998,"Coal","All"
"777","Stirling",2020,4.413,"Coal","All"
"778","Highland",2020,1218.534,"Bioenergy & Wastes","All"
"779","East Dunbartonshire",2020,28.211,"Bioenergy & Wastes","All"
"780","Fife",2020,29.694,"Manufactured Fuels","All"
"781","Stirling",2020,5.037,"Manufactured Fuels","All"
"782","Fife",2020,11903.784,"All","All"
"783","Glasgow City",2020,3.641,"Manufactured Fuels","All"
"784","Shetland Islands",2020,328.35,"Petroleum Products","All"
"785","Moray",2020,3284.754,"All","All"
"786","Shetland Islands",2020,2.508,"Manufactured Fuels","All"
"787","Orkney Islands",2020,137.259,"Electricity","All"
"788","Orkney Islands",2020,2.434,"Manufactured Fuels","All"
"789","Scottish Borders",2020,1328.756,"Petroleum Products","All"
"790","North Lanarkshire",2020,3061.071,"Gas","All"
"791","North Ayrshire",2020,2.502,"Coal","All"
"792","West Lothian",2020,735.218,"Electricity","All"
"793","North Lanarkshire",2020,3.283,"Coal","All"
"794","West Lothian",2020,1347.124,"Petroleum Products","All"
"795","Dundee City",2020,565.028,"Electricity","All"
"796","Dundee City",2020,2954.744,"All","All"
"797","Dumfries and Galloway",2020,246.491,"Bioenergy & Wastes","All"
"798","Dumfries and Galloway",2020,23.173,"Manufactured Fuels","All"
"799","Aberdeenshire",2020,215.201,"Bioenergy & Wastes","All"
"800","Na h-Eileanan Siar",2020,147.854,"Electricity","All"
"801","Argyll and Bute",2020,125.777,"Bioenergy & Wastes","All"
"802","North Lanarkshire",2020,7220.44,"All","All"
"803","Scottish Borders",2020,519.01,"Electricity","All"
"804","Orkney Islands",2020,488.662,"All","All"
"805","Orkney Islands",2020,323.5,"Petroleum Products","All"
"806","West Dunbartonshire",2020,448.095,"Petroleum Products","All"
"807","North Lanarkshire",2020,1260.8,"Electricity","All"
"808","North Lanarkshire",2020,28.925,"Manufactured Fuels","All"
"809","West Dunbartonshire",2020,322.332,"Electricity","All"
"810","Scottish Borders",2020,2982.143,"All","All"
"811","Scottish Borders",2020,43.992,"Coal","All"
"812","West Dunbartonshire",2020,0.163,"Coal","All"
"813","West Dunbartonshire",2020,761.931,"Gas","All"
"814","Shetland Islands",2020,31.296,"Bioenergy & Wastes","All"
"815","Moray",2020,150.02,"Bioenergy & Wastes","All"
"816","Scottish Borders",2020,802.864,"Gas","All"
"817","Scottish Borders",2020,7.352,"Manufactured Fuels","All"
"818","Orkney Islands",2020,20.261,"Bioenergy & Wastes","All"
"819","Shetland Islands",2020,0,"Gas","All"
"820","North Ayrshire",2020,596.79,"Electricity","All"
"821","Orkney Islands",2020,5.208,"Coal","All"
"822","North Ayrshire",2020,4913.287,"All","All"
"823","Glasgow City",2020,2437.692,"Electricity","All"
"824","West Dunbartonshire",2020,24.742,"Bioenergy & Wastes","All"
"825","West Lothian",2020,3977.822,"All","All"
"826","North Ayrshire",2020,655.809,"Petroleum Products","All"
"827","West Lothian",2020,1798.286,"Gas","All"
"828","North Ayrshire",2020,3.798,"Manufactured Fuels","All"
"829","Scottish Borders",2020,280.169,"Bioenergy & Wastes","All"
"830","West Dunbartonshire",2020,1557.896,"All","All"
"831","West Lothian",2020,2.487,"Coal","All"
"832","West Dunbartonshire",2020,0.633,"Manufactured Fuels","All"
"833","North Ayrshire",2020,2239.602,"Gas","All"
"834","Shetland Islands",2020,176.359,"Electricity","All"
"835","North Lanarkshire",2020,176.925,"Bioenergy & Wastes","All"
"836","Glasgow City",2020,0.971,"Coal","All"
"837","North Ayrshire",2020,1414.786,"Bioenergy & Wastes","All"
"838","Orkney Islands",2020,0,"Gas","All"
"839","North Lanarkshire",2020,2689.436,"Petroleum Products","All"
"840","Aberdeenshire",2020,6114.751,"All","All"
"841","Falkirk",2020,1327.393,"Gas","All"
"842","Falkirk",2020,35.112,"Manufactured Fuels","All"
"843","Renfrewshire",2020,61.592,"Bioenergy & Wastes","All"
"844","Angus",2020,8.673,"Coal","All"
"845","Angus",2020,962.952,"Gas","All"
"846","City of Edinburgh",2020,9178.186,"All","All"
"847","City of Edinburgh",2020,14.122,"Coal","All"
"848","East Lothian",2020,454.057,"Electricity","All"
"849","Renfrewshire",2020,3456.148,"All","All"
"850","Dumfries and Galloway",2020,1191.305,"Gas","All"
"851","Aberdeenshire",2020,3171.179,"Petroleum Products","All"
"852","Aberdeenshire",2020,30.999,"Coal","All"
"853","Aberdeenshire",2020,25.41,"Manufactured Fuels","All"
"854","Dumfries and Galloway",2020,4818.008,"All","All"
"855","Aberdeenshire",2020,1473.513,"Gas","All"
"856","Falkirk",2020,72.716,"Bioenergy & Wastes","All"
"857","Dumfries and Galloway",2020,30.486,"Coal","All"
"858","Dumfries and Galloway",2020,2519.965,"Petroleum Products","All"
"859","East Lothian",2020,325.701,"Coal","All"
"860","Renfrewshire",2020,1612.344,"Gas","All"
"861","Renfrewshire",2020,681.148,"Electricity","All"
"862","Renfrewshire",2020,1.776,"Manufactured Fuels","All"
"863","East Lothian",2020,773.129,"Petroleum Products","All"
"864","Renfrewshire",2020,1098.563,"Petroleum Products","All"
"865","East Lothian",2020,2691.152,"All","All"
"866","Renfrewshire",2020,0.725,"Coal","All"
"867","East Lothian",2020,839.84,"Gas","All"
"868","East Lothian",2020,292.498,"Bioenergy & Wastes","All"
"869","East Renfrewshire",2020,788.622,"Gas","All"
"870","East Renfrewshire",2020,499.469,"Petroleum Products","All"
"871","East Ayrshire",2020,2769.623,"All","All"
"872","East Ayrshire",2020,912.147,"Petroleum Products","All"
"873","City of Edinburgh",2020,2260.408,"Petroleum Products","All"
"874","Angus",2020,86.921,"Bioenergy & Wastes","All"
"875","East Lothian",2020,5.926,"Manufactured Fuels","All"
"876","City of Edinburgh",2020,4.151,"Manufactured Fuels","All"
"877","East Renfrewshire",2020,223.629,"Electricity","All"
"878","Argyll and Bute",2020,22.432,"Coal","All"
"879","Dundee City",2020,0.821,"Manufactured Fuels","All"
"880","Argyll and Bute",2020,2071.894,"All","All"
"881","Argyll and Bute",2020,480.22,"Electricity","All"
"882","Dundee City",2020,653.076,"Petroleum Products","All"
"883","Dundee City",2020,35.579,"Bioenergy & Wastes","All"
"884","Argyll and Bute",2020,6.833,"Manufactured Fuels","All"
"885","East Ayrshire",2020,6.278,"Manufactured Fuels","All"
"886","Aberdeen City",2020,1286.645,"Petroleum Products","All"
"887","Falkirk",2020,13299.174,"Petroleum Products","All"
"888","Falkirk",2020,15365.575,"All","All"
"889","Falkirk",2020,2.317,"Coal","All"
"890","Na h-Eileanan Siar",2020,24.743,"Gas","All"
"891","Dundee City",2020,0.159,"Coal","All"
"892","East Dunbartonshire",2020,1714.255,"All","All"
"893","Falkirk",2020,628.864,"Electricity","All"
"894","Highland",2020,1397.66,"Electricity","All"
"895","Aberdeenshire",2020,1198.448,"Electricity","All"
"896","Dumfries and Galloway",2020,806.587,"Electricity","All"
"897","Highland",2017,75.617,"Coal","All"
"898","Stirling",2017,6.002,"Coal","All"
"899","Stirling",2017,762.819,"Bioenergy & Wastes","All"
"900","North Ayrshire",2017,816.25,"Petroleum Products","All"
"901","Scottish Borders",2017,1610.767,"Petroleum Products","All"
"902","Stirling",2017,459.605,"Electricity","All"
"903","Highland",2017,1160.549,"Bioenergy & Wastes","All"
"904","Shetland Islands",2017,589.712,"All","All"
"905","Highland",2017,7556.105,"All","All"
"906","Highland",2017,1583.01,"Electricity","All"
"907","Aberdeen City",2017,1127.557,"Electricity","All"
"908","Na h-Eileanan Siar",2017,157.546,"Electricity","All"
"909","Argyll and Bute",2017,6.724,"Manufactured Fuels","All"
"910","Scottish Borders",2017,168.037,"Bioenergy & Wastes","All"
"911","Midlothian",2017,350.704,"Electricity","All"
"912","Midlothian",2017,3.172,"Manufactured Fuels","All"
"913","Na h-Eileanan Siar",2017,13.304,"Coal","All"
"914","Na h-Eileanan Siar",2017,22.708,"Gas","All"
"915","Highland",2017,19.19,"Manufactured Fuels","All"
"916","Moray",2017,88.549,"Bioenergy & Wastes","All"
"917","North Ayrshire",2017,5257.007,"All","All"
"918","Inverclyde",2017,671.238,"Gas","All"
"919","Scottish Borders",2017,7.255,"Manufactured Fuels","All"
"920","Inverclyde",2017,16.651,"Bioenergy & Wastes","All"
"921","Inverclyde",2017,1.523,"Manufactured Fuels","All"
"922","Inverclyde",2017,1462.799,"All","All"
"923","Stirling",2017,3682.284,"All","All"
"924","South Lanarkshire",2017,3116.837,"Petroleum Products","All"
"925","North Ayrshire",2017,2205.087,"Gas","All"
"926","Stirling",2017,4.802,"Manufactured Fuels","All"
"927","Stirling",2017,1226.451,"Gas","All"
"928","Inverclyde",2017,458.879,"Petroleum Products","All"
"929","Stirling",2017,1222.605,"Petroleum Products","All"
"930","North Ayrshire",2017,1543.833,"Bioenergy & Wastes","All"
"931","South Ayrshire",2017,5.589,"Manufactured Fuels","All"
"932","East Renfrewshire",2017,1652.358,"All","All"
"933","South Ayrshire",2017,35.522,"Bioenergy & Wastes","All"
"934","Na h-Eileanan Siar",2017,3.048,"Manufactured Fuels","All"
"935","Shetland Islands",2017,2.457,"Manufactured Fuels","All"
"936","Na h-Eileanan Siar",2017,377.53,"Petroleum Products","All"
"937","South Ayrshire",2017,4.517,"Coal","All"
"938","South Lanarkshire",2017,2488.123,"Gas","All"
"939","South Lanarkshire",2017,12.339,"Manufactured Fuels","All"
"940","Argyll and Bute",2017,35.129,"Coal","All"
"941","Na h-Eileanan Siar",2017,604.949,"All","All"
"942","Argyll and Bute",2017,465.108,"Gas","All"
"943","Argyll and Bute",2017,1180.712,"Petroleum Products","All"
"944","Midlothian",2017,681.891,"Gas","All"
"945","Scottish Borders",2017,3240.3,"All","All"
"946","Moray",2017,1810.515,"Gas","All"
"947","East Renfrewshire",2017,632.451,"Petroleum Products","All"
"948","Orkney Islands",2017,0,"Gas","All"
"949","City of Edinburgh",2017,118.711,"Bioenergy & Wastes","All"
"950","East Renfrewshire",2017,0.847,"Coal","All"
"951","City of Edinburgh",2017,4.097,"Manufactured Fuels","All"
"952","East Renfrewshire",2017,235.669,"Electricity","All"
"953","Renfrewshire",2017,3768.562,"All","All"
"954","Moray",2017,951.803,"Petroleum Products","All"
"955","East Renfrewshire",2017,23.237,"Bioenergy & Wastes","All"
"956","Shetland Islands",2017,0,"Gas","All"
"957","East Renfrewshire",2017,2.087,"Manufactured Fuels","All"
"958","Moray",2017,494.608,"Electricity","All"
"959","City of Edinburgh",2017,20.786,"Coal","All"
"960","Renfrewshire",2017,772.197,"Electricity","All"
"961","Renfrewshire",2017,0.824,"Coal","All"
"962","City of Edinburgh",2017,4713.585,"Gas","All"
"963","City of Edinburgh",2017,10219.719,"All","All"
"964","Moray",2017,24.307,"Coal","All"
"965","City of Edinburgh",2017,3028.715,"Petroleum Products","All"
"966","East Renfrewshire",2017,758.067,"Gas","All"
"967","Moray",2017,3375.954,"All","All"
"968","City of Edinburgh",2017,2333.823,"Electricity","All"
"969","Orkney Islands",2017,512.199,"All","All"
"970","Moray",2017,6.171,"Manufactured Fuels","All"
"971","Orkney Islands",2017,2.424,"Manufactured Fuels","All"
"972","South Ayrshire",2017,1154.786,"Petroleum Products","All"
"973","Orkney Islands",2017,138.948,"Electricity","All"
"974","Orkney Islands",2017,7.388,"Coal","All"
"975","Renfrewshire",2017,1354.442,"Petroleum Products","All"
"976","South Ayrshire",2017,2964.389,"All","All"
"977","East Lothian",2017,486.305,"Electricity","All"
"978","Orkney Islands",2017,349.996,"Petroleum Products","All"
"979","East Lothian",2017,965.57,"Petroleum Products","All"
"980","East Lothian",2017,770.827,"Gas","All"
"981","Aberdeenshire",2017,1411.446,"Gas","All"
"982","South Lanarkshire",2017,17.163,"Coal","All"
"983","Aberdeenshire",2017,6631.905,"All","All"
"984","Falkirk",2017,629.469,"Manufactured Fuels","All"
"985","Aberdeenshire",2017,3765.037,"Petroleum Products","All"
"986","Inverclyde",2017,0.549,"Coal","All"
"987","Midlothian",2017,12.046,"Coal","All"
"988","South Lanarkshire",2017,6925.261,"All","All"
"989","Aberdeen City",2017,97.017,"Bioenergy & Wastes","All"
"990","Aberdeenshire",2017,137.447,"Bioenergy & Wastes","All"
"991","South Lanarkshire",2017,114.366,"Bioenergy & Wastes","All"
"992","Midlothian",2017,1752.059,"All","All"
"993","Falkirk",2017,18039.752,"All","All"
"994","Falkirk",2017,1373.258,"Gas","All"
"995","Aberdeenshire",2017,45.658,"Coal","All"
"996","Aberdeen City",2017,2363.251,"Gas","All"
"997","Shetland Islands",2017,367.585,"Petroleum Products","All"
"998","Falkirk",2017,15283.293,"Petroleum Products","All"
"999","Falkirk",2017,45.228,"Bioenergy & Wastes","All"
"1000","Highland",2017,3554.526,"Petroleum Products","All"
"1001","Scottish Borders",2017,812.358,"Gas","All"
"1002","Scottish Borders",2017,67.419,"Coal","All"
"1003","Orkney Islands",2017,13.444,"Bioenergy & Wastes","All"
"1004","Shetland Islands",2017,8.127,"Coal","All"
"1005","Renfrewshire",2017,37.047,"Bioenergy & Wastes","All"
"1006","Shetland Islands",2017,19.758,"Bioenergy & Wastes","All"
"1007","South Lanarkshire",2017,1176.433,"Electricity","All"
"1008","Inverclyde",2017,313.958,"Electricity","All"
"1009","Aberdeen City",2017,25.554,"Coal","All"
"1010","Aberdeen City",2017,11.34,"Manufactured Fuels","All"
"1011","Aberdeen City",2017,1468.104,"Petroleum Products","All"
"1012","Aberdeen City",2017,5092.824,"All","All"
"1013","Highland",2017,1163.214,"Gas","All"
"1014","North Ayrshire",2017,4.048,"Coal","All"
"1015","Fife",2017,26.139,"Manufactured Fuels","All"
"1016","Fife",2017,3476.165,"Gas","All"
"1017","Clackmannanshire",2017,2.808,"Manufactured Fuels","All"
"1018","East Dunbartonshire",2017,1812.327,"All","All"
"1019","East Dunbartonshire",2017,18.451,"Bioenergy & Wastes","All"
"1020","East Ayrshire",2017,6.134,"Manufactured Fuels","All"
"1021","Dumfries and Galloway",2017,19.692,"Manufactured Fuels","All"
"1022","East Dunbartonshire",2017,515.75,"Petroleum Products","All"
"1023","East Dunbartonshire",2017,345.149,"Electricity","All"
"1024","East Ayrshire",2017,1112.434,"Petroleum Products","All"
"1025","North Lanarkshire",2017,3173.912,"Petroleum Products","All"
"1026","East Dunbartonshire",2017,3.468,"Coal","All"
"1027","Clackmannanshire",2017,308.395,"Electricity","All"
"1028","East Dunbartonshire",2017,2.058,"Manufactured Fuels","All"
"1029","Dundee City",2017,649.891,"Electricity","All"
"1030","Dumfries and Galloway",2017,43.734,"Coal","All"
"1031","Dundee City",2017,22.394,"Bioenergy & Wastes","All"
"1032","Dumfries and Galloway",2017,875.181,"Electricity","All"
"1033","Dumfries and Galloway",2017,3088.237,"Petroleum Products","All"
"1034","Dundee City",2017,819.905,"Petroleum Products","All"
"1035","Dundee City",2017,2938.745,"All","All"
"1036","Dumfries and Galloway",2017,1207.458,"Gas","All"
"1037","North Lanarkshire",2017,3.829,"Coal","All"
"1038","Dumfries and Galloway",2017,5381.032,"All","All"
"1039","West Dunbartonshire",2017,0.184,"Coal","All"
"1040","East Lothian",2017,2978.405,"All","All"
"1041","West Lothian",2017,7.281,"Manufactured Fuels","All"
"1042","Glasgow City",2017,3461.336,"Petroleum Products","All"
"1043","East Lothian",2017,169.79,"Bioenergy & Wastes","All"
"1044","Glasgow City",2017,11514.205,"All","All"
"1045","Renfrewshire",2017,1.678,"Manufactured Fuels","All"
"1046","West Dunbartonshire",2017,0.567,"Manufactured Fuels","All"
"1047","North Lanarkshire",2017,24.362,"Manufactured Fuels","All"
"1048","North Lanarkshire",2017,2910.874,"Gas","All"
"1049","Glasgow City",2017,5145.129,"Gas","All"
"1050","Angus",2017,2802.052,"All","All"
"1051","East Lothian",2017,580.396,"Coal","All"
"1052","West Dunbartonshire",2017,1643.251,"All","All"
"1053","Angus",2017,12.266,"Coal","All"
"1054","West Lothian",2017,1680.635,"Petroleum Products","All"
"1055","West Lothian",2017,1868.455,"Gas","All"
"1056","West Dunbartonshire",2017,15.706,"Bioenergy & Wastes","All"
"1057","West Dunbartonshire",2017,572.977,"Petroleum Products","All"
"1058","North Lanarkshire",2017,7553.348,"All","All"
"1059","Clackmannanshire",2017,12.558,"Bioenergy & Wastes","All"
"1060","Clackmannanshire",2017,301.893,"Petroleum Products","All"
"1061","Angus",2017,1289.989,"Petroleum Products","All"
"1062","East Dunbartonshire",2017,927.451,"Gas","All"
"1063","East Lothian",2017,5.516,"Manufactured Fuels","All"
"1064","Renfrewshire",2017,1602.374,"Gas","All"
"1065","Glasgow City",2017,1.111,"Coal","All"
"1066","West Lothian",2017,826.683,"Electricity","All"
"1067","Glasgow City",2017,3.278,"Manufactured Fuels","All"
"1068","West Dunbartonshire",2017,716.895,"Gas","All"
"1069","North Lanarkshire",2017,1336.869,"Electricity","All"
"1070","West Lothian",2017,4439.646,"All","All"
"1071","Glasgow City",2017,2813.237,"Electricity","All"
"1072","Glasgow City",2017,90.114,"Bioenergy & Wastes","All"
"1073","Angus",2017,520.237,"Electricity","All"
"1074","Angus",2017,55.031,"Bioenergy & Wastes","All"
"1075","Fife",2017,8372.587,"Petroleum Products","All"
"1076","Shetland Islands",2017,191.785,"Electricity","All"
"1077","Aberdeenshire",2017,23.382,"Manufactured Fuels","All"
"1078","Midlothian",2017,660.863,"Petroleum Products","All"
"1079","North Ayrshire",2017,684.227,"Electricity","All"
"1080","Scottish Borders",2017,574.464,"Electricity","All"
"1081","Clackmannanshire",2017,1750.337,"All","All"
"1082","Fife",2017,13.598,"Coal","All"
"1083","Angus",2017,5.449,"Manufactured Fuels","All"
"1084","Fife",2017,13646.177,"All","All"
"1085","Perth and Kinross",2017,745.256,"Electricity","All"
"1086","Falkirk",2017,705.867,"Electricity","All"
"1087","North Ayrshire",2017,3.561,"Manufactured Fuels","All"
"1088","South Ayrshire",2017,481.05,"Electricity","All"
"1089","Aberdeenshire",2017,1248.935,"Electricity","All"
"1090","Falkirk",2017,2.636,"Coal","All"
"1091","Argyll and Bute",2017,2278.126,"All","All"
"1092","Midlothian",2017,43.383,"Bioenergy & Wastes","All"
"1093","South Ayrshire",2017,1282.925,"Gas","All"
"1094","Na h-Eileanan Siar",2017,30.812,"Bioenergy & Wastes","All"
"1095","Argyll and Bute",2017,78.88,"Bioenergy & Wastes","All"
"1096","Argyll and Bute",2017,511.574,"Electricity","All"
"1097","Perth and Kinross",2017,85.854,"Bioenergy & Wastes","All"
"1098","East Ayrshire",2017,58.813,"Coal","All"
"1099","East Ayrshire",2017,1065.842,"Gas","All"
"1100","East Ayrshire",2017,267.85,"Bioenergy & Wastes","All"
"1101","Dumfries and Galloway",2017,146.73,"Bioenergy & Wastes","All"
"1102","Dundee City",2017,0.751,"Manufactured Fuels","All"
"1103","Dundee City",2017,1445.633,"Gas","All"
"1104","East Ayrshire",2017,2946.32,"All","All"
"1105","Dundee City",2017,0.171,"Coal","All"
"1106","Angus",2017,919.08,"Gas","All"
"1107","West Dunbartonshire",2017,336.922,"Electricity","All"
"1108","Perth and Kinross",2017,20.709,"Coal","All"
"1109","Perth and Kinross",2017,4609.066,"All","All"
"1110","Clackmannanshire",2017,1.134,"Coal","All"
"1111","Fife",2017,1561.918,"Electricity","All"
"1112","Fife",2017,195.77,"Bioenergy & Wastes","All"
"1113","Clackmannanshire",2017,1123.549,"Gas","All"
"1114","North Lanarkshire",2017,103.501,"Bioenergy & Wastes","All"
"1115","East Ayrshire",2017,435.248,"Electricity","All"
"1116","West Lothian",2017,52.809,"Bioenergy & Wastes","All"
"1117","Perth and Kinross",2017,1044.719,"Gas","All"
"1118","Perth and Kinross",2017,8.352,"Manufactured Fuels","All"
"1119","West Lothian",2017,3.783,"Coal","All"
"1120","Perth and Kinross",2017,2704.176,"Petroleum Products","All"
"1121","West Dunbartonshire",2018,1609.772,"All","All"
"1122","Orkney Islands",2018,0,"Gas","All"
"1123","East Ayrshire",2018,315.246,"Bioenergy & Wastes","All"
"1124","East Renfrewshire",2018,630.94,"Petroleum Products","All"
"1125","City of Edinburgh",2018,157.114,"Bioenergy & Wastes","All"
"1126","Angus",2018,71.366,"Bioenergy & Wastes","All"
"1127","Moray",2018,3417.376,"All","All"
"1128","Stirling",2018,1216.297,"Gas","All"
"1129","Perth and Kinross",2018,1033.115,"Gas","All"
"1130","Orkney Islands",2018,515.895,"All","All"
"1131","East Ayrshire",2018,424.158,"Electricity","All"
"1132","Moray",2018,6.365,"Manufactured Fuels","All"
"1133","North Lanarkshire",2018,7821.641,"All","All"
"1134","East Renfrewshire",2018,0.829,"Coal","All"
"1135","Perth and Kinross",2018,8.61,"Manufactured Fuels","All"
"1136","City of Edinburgh",2018,4.213,"Manufactured Fuels","All"
"1137","Angus",2018,5.631,"Manufactured Fuels","All"
"1138","South Ayrshire",2018,45.46,"Bioenergy & Wastes","All"
"1139","Glasgow City",2018,2738.381,"Electricity","All"
"1140","Stirling",2018,1247.599,"Petroleum Products","All"
"1141","Angus",2018,527.644,"Electricity","All"
"1142","North Lanarkshire",2018,144.514,"Bioenergy & Wastes","All"
"1143","Scottish Borders",2018,559.141,"Electricity","All"
"1144","South Ayrshire",2018,5.75,"Manufactured Fuels","All"
"1145","Na h-Eileanan Siar",2018,381.817,"Petroleum Products","All"
"1146","Clackmannanshire",2018,300.012,"Electricity","All"
"1147","East Renfrewshire",2018,1657.527,"All","All"
"1148","Moray",2018,60.93,"Bioenergy & Wastes","All"
"1149","Argyll and Bute",2018,6.921,"Manufactured Fuels","All"
"1150","South Ayrshire",2018,4.489,"Coal","All"
"1151","Inverclyde",2018,21.018,"Bioenergy & Wastes","All"
"1152","West Lothian",2018,4445.527,"All","All"
"1153","Scottish Borders",2018,3256.343,"All","All"
"1154","Fife",2018,192.186,"Bioenergy & Wastes","All"
"1155","Fife",2018,1510.249,"Electricity","All"
"1156","Orkney Islands",2018,351.802,"Petroleum Products","All"
"1157","East Renfrewshire",2018,767.748,"Gas","All"
"1158","Shetland Islands",2018,2.527,"Manufactured Fuels","All"
"1159","East Ayrshire",2018,6.335,"Manufactured Fuels","All"
"1160","Angus",2018,1271.958,"Petroleum Products","All"
"1161","Clackmannanshire",2018,1134.666,"Gas","All"
"1162","Scottish Borders",2018,222.319,"Bioenergy & Wastes","All"
"1163","Renfrewshire",2018,754.497,"Electricity","All"
"1164","Na h-Eileanan Siar",2018,152.195,"Electricity","All"
"1165","East Ayrshire",2018,55.141,"Coal","All"
"1166","City of Edinburgh",2018,19.588,"Coal","All"
"1167","West Dunbartonshire",2018,324.465,"Electricity","All"
"1168","East Ayrshire",2018,1055.234,"Gas","All"
"1169","Na h-Eileanan Siar",2018,613.123,"All","All"
"1170","Argyll and Bute",2018,464.834,"Gas","All"
"1171","Moray",2018,1880.513,"Gas","All"
"1172","Midlothian",2018,346.235,"Electricity","All"
"1173","Dundee City",2018,0.786,"Manufactured Fuels","All"
"1174","East Ayrshire",2018,2969.238,"All","All"
"1175","Dundee City",2018,2906.202,"All","All"
"1176","Shetland Islands",2018,0,"Gas","All"
"1177","Argyll and Bute",2018,505.983,"Electricity","All"
"1178","Midlothian",2018,3.287,"Manufactured Fuels","All"
"1179","South Ayrshire",2018,1153.369,"Gas","All"
"1180","East Ayrshire",2018,1113.124,"Petroleum Products","All"
"1181","West Lothian",2018,799.411,"Electricity","All"
"1182","Argyll and Bute",2018,2292.285,"All","All"
"1183","North Ayrshire",2018,5066.786,"All","All"
"1184","Midlothian",2018,676.535,"Gas","All"
"1185","Midlothian",2018,56.3,"Bioenergy & Wastes","All"
"1186","Renfrewshire",2018,0.809,"Coal","All"
"1187","Aberdeenshire",2018,23.845,"Manufactured Fuels","All"
"1188","Dundee City",2018,817.066,"Petroleum Products","All"
"1189","Falkirk",2018,2.597,"Coal","All"
"1190","Perth and Kinross",2018,19.343,"Coal","All"
"1191","Na h-Eileanan Siar",2018,23.632,"Gas","All"
"1192","Shetland Islands",2018,369.268,"Petroleum Products","All"
"1193","Argyll and Bute",2018,102.503,"Bioenergy & Wastes","All"
"1194","Fife",2018,13.142,"Coal","All"
"1195","Na h-Eileanan Siar",2018,3.135,"Manufactured Fuels","All"
"1196","Glasgow City",2018,121.641,"Bioenergy & Wastes","All"
"1197","Moray",2018,22.46,"Coal","All"
"1198","Dumfries and Galloway",2018,20.213,"Manufactured Fuels","All"
"1199","South Ayrshire",2018,472.6,"Electricity","All"
"1200","East Lothian",2018,5.681,"Manufactured Fuels","All"
"1201","Perth and Kinross",2018,2654.783,"Petroleum Products","All"
"1202","City of Edinburgh",2018,4659.852,"Gas","All"
"1203","Clackmannanshire",2018,1756.644,"All","All"
"1204","South Ayrshire",2018,1113.376,"Petroleum Products","All"
"1205","Argyll and Bute",2018,32.984,"Coal","All"
"1206","Inverclyde",2018,450.2,"Petroleum Products","All"
"1207","City of Edinburgh",2018,10095.089,"All","All"
"1208","Aberdeenshire",2018,1217.029,"Electricity","All"
"1209","Dumfries and Galloway",2018,41.448,"Coal","All"
"1210","Stirling",2018,3715.957,"All","All"
"1211","Orkney Islands",2018,2.494,"Manufactured Fuels","All"
"1212","North Lanarkshire",2018,2950.668,"Gas","All"
"1213","Dundee City",2018,633.263,"Electricity","All"
"1214","Na h-Eileanan Siar",2018,39.75,"Bioenergy & Wastes","All"
"1215","Shetland Islands",2018,183.567,"Electricity","All"
"1216","Dumfries and Galloway",2018,195.134,"Bioenergy & Wastes","All"
"1217","Midlothian",2018,656.46,"Petroleum Products","All"
"1218","East Lothian",2018,976.734,"Petroleum Products","All"
"1219","Dumfries and Galloway",2018,1188.441,"Gas","All"
"1220","Inverclyde",2018,1416.471,"All","All"
"1221","East Lothian",2018,503.185,"Coal","All"
"1222","East Renfrewshire",2018,225.717,"Electricity","All"
"1223","Orkney Islands",2018,16.813,"Bioenergy & Wastes","All"
"1224","Dundee City",2018,0.168,"Coal","All"
"1225","Aberdeenshire",2018,43.254,"Coal","All"
"1226","Angus",2018,917.552,"Gas","All"
"1227","South Ayrshire",2018,2795.044,"All","All"
"1228","West Dunbartonshire",2018,0.587,"Manufactured Fuels","All"
"1229","East Renfrewshire",2018,2.174,"Manufactured Fuels","All"
"1230","Moray",2018,485.632,"Electricity","All"
"1231","Stirling",2018,462.278,"Electricity","All"
"1232","West Dunbartonshire",2018,0.182,"Coal","All"
"1233","North Lanarkshire",2018,3.732,"Coal","All"
"1234","Perth and Kinross",2018,4558.985,"All","All"
"1235","Dundee City",2018,1425.532,"Gas","All"
"1236","Inverclyde",2018,641.769,"Gas","All"
"1237","Inverclyde",2018,301.368,"Electricity","All"
"1238","East Lothian",2018,767.889,"Gas","All"
"1239","Shetland Islands",2018,25.349,"Bioenergy & Wastes","All"
"1240","Orkney Islands",2018,137.649,"Electricity","All"
"1241","Na h-Eileanan Siar",2018,12.595,"Coal","All"
"1242","West Lothian",2018,3.557,"Coal","All"
"1243","Scottish Borders",2018,7.469,"Manufactured Fuels","All"
"1244","Aberdeenshire",2018,6550.45,"All","All"
"1245","Falkirk",2018,60.151,"Bioenergy & Wastes","All"
"1246","Moray",2018,961.476,"Petroleum Products","All"
"1247","Midlothian",2018,11.473,"Coal","All"
"1248","North Lanarkshire",2018,1313.585,"Electricity","All"
"1249","Aberdeenshire",2018,1419.351,"Gas","All"
"1250","North Ayrshire",2018,1386.68,"Bioenergy & Wastes","All"
"1251","Fife",2018,12099.842,"All","All"
"1252","Glasgow City",2018,11463.894,"All","All"
"1253","North Ayrshire",2018,2209.358,"Gas","All"
"1254","Highland",2018,1179.983,"Bioenergy & Wastes","All"
"1255","Glasgow City",2018,3439.363,"Petroleum Products","All"
"1256","Glasgow City",2018,1.087,"Coal","All"
"1257","Fife",2018,6943.794,"Petroleum Products","All"
"1258","Dundee City",2018,29.389,"Bioenergy & Wastes","All"
"1259","Falkirk",2018,683.387,"Electricity","All"
"1260","West Dunbartonshire",2018,20.692,"Bioenergy & Wastes","All"
"1261","Angus",2018,2805.805,"All","All"
"1262","Orkney Islands",2018,7.137,"Coal","All"
"1263","Perth and Kinross",2018,729.18,"Electricity","All"
"1264","Midlothian",2018,1750.291,"All","All"
"1265","Aberdeenshire",2018,174.604,"Bioenergy & Wastes","All"
"1266","Perth and Kinross",2018,113.953,"Bioenergy & Wastes","All"
"1267","Falkirk",2018,1373.353,"Gas","All"
"1268","Scottish Borders",2018,1614.522,"Petroleum Products","All"
"1269","East Dunbartonshire",2018,2.128,"Manufactured Fuels","All"
"1270","Aberdeenshire",2018,3672.367,"Petroleum Products","All"
"1271","East Lothian",2018,289.331,"Bioenergy & Wastes","All"
"1272","Glasgow City",2018,3.348,"Manufactured Fuels","All"
"1273","Falkirk",2018,18090.139,"All","All"
"1274","South Lanarkshire",2018,154.337,"Bioenergy & Wastes","All"
"1275","South Lanarkshire",2018,16.279,"Coal","All"
"1276","Angus",2018,11.654,"Coal","All"
"1277","East Renfrewshire",2018,30.118,"Bioenergy & Wastes","All"
"1278","Dumfries and Galloway",2018,849.401,"Electricity","All"
"1279","City of Edinburgh",2018,2968.567,"Petroleum Products","All"
"1280","Inverclyde",2018,1.581,"Manufactured Fuels","All"
"1281","South Lanarkshire",2018,12.456,"Manufactured Fuels","All"
"1282","City of Edinburgh",2018,2285.755,"Electricity","All"
"1283","North Ayrshire",2018,3.687,"Manufactured Fuels","All"
"1284","Stirling",2018,5.73,"Coal","All"
"1285","Falkirk",2018,15226.518,"Petroleum Products","All"
"1286","Dumfries and Galloway",2018,5313.623,"All","All"
"1287","Highland",2018,3576.608,"Petroleum Products","All"
"1288","Dumfries and Galloway",2018,3018.986,"Petroleum Products","All"
"1289","East Dunbartonshire",2018,3.197,"Coal","All"
"1290","Inverclyde",2018,0.536,"Coal","All"
"1291","East Dunbartonshire",2018,516.002,"Petroleum Products","All"
"1292","Falkirk",2018,744.133,"Manufactured Fuels","All"
"1293","Renfrewshire",2018,49.909,"Bioenergy & Wastes","All"
"1294","Aberdeen City",2018,2324.299,"Gas","All"
"1295","Scottish Borders",2018,789.772,"Gas","All"
"1296","North Ayrshire",2018,656.646,"Electricity","All"
"1297","Renfrewshire",2018,1582.511,"Gas","All"
"1298","Aberdeen City",2018,24.36,"Coal","All"
"1299","West Dunbartonshire",2018,567.025,"Petroleum Products","All"
"1300","Aberdeen City",2018,5063.025,"All","All"
"1301","East Lothian",2018,478.806,"Electricity","All"
"1302","Aberdeen City",2018,110.822,"Bioenergy & Wastes","All"
"1303","Argyll and Bute",2018,1179.061,"Petroleum Products","All"
"1304","West Lothian",2018,1694.553,"Petroleum Products","All"
"1305","East Dunbartonshire",2018,917.681,"Gas","All"
"1306","North Lanarkshire",2018,3384.664,"Petroleum Products","All"
"1307","Stirling",2018,779.102,"Bioenergy & Wastes","All"
"1308","East Dunbartonshire",2018,337.438,"Electricity","All"
"1309","Highland",2018,1113.963,"Gas","All"
"1310","Fife",2018,3414.21,"Gas","All"
"1311","South Lanarkshire",2018,2498.694,"Gas","All"
"1312","Clackmannanshire",2018,1.115,"Coal","All"
"1313","Clackmannanshire",2018,302.092,"Petroleum Products","All"
"1314","North Ayrshire",2018,806.551,"Petroleum Products","All"
"1315","East Dunbartonshire",2018,23.48,"Bioenergy & Wastes","All"
"1316","Highland",2018,72.146,"Coal","All"
"1317","Stirling",2018,4.951,"Manufactured Fuels","All"
"1318","Clackmannanshire",2018,2.875,"Manufactured Fuels","All"
"1319","South Lanarkshire",2018,1139.185,"Electricity","All"
"1320","Renfrewshire",2018,1361.696,"Petroleum Products","All"
"1321","Aberdeen City",2018,1121.694,"Electricity","All"
"1322","Highland",2018,7521.615,"All","All"
"1323","West Lothian",2018,7.336,"Manufactured Fuels","All"
"1324","Glasgow City",2018,5160.076,"Gas","All"
"1325","Clackmannanshire",2018,15.884,"Bioenergy & Wastes","All"
"1326","West Lothian",2018,1869.825,"Gas","All"
"1327","Fife",2018,26.261,"Manufactured Fuels","All"
"1328","Renfrewshire",2018,3751.167,"All","All"
"1329","Scottish Borders",2018,63.12,"Coal","All"
"1330","Highland",2018,1559.153,"Electricity","All"
"1331","North Ayrshire",2018,3.865,"Coal","All"
"1332","East Lothian",2018,3021.626,"All","All"
"1333","Aberdeen City",2018,11.36,"Manufactured Fuels","All"
"1334","South Lanarkshire",2018,6907.415,"All","All"
"1335","Aberdeen City",2018,1470.49,"Petroleum Products","All"
"1336","Shetland Islands",2018,7.836,"Coal","All"
"1337","North Lanarkshire",2018,24.479,"Manufactured Fuels","All"
"1338","Renfrewshire",2018,1.745,"Manufactured Fuels","All"
"1339","West Lothian",2018,70.845,"Bioenergy & Wastes","All"
"1340","Highland",2018,19.762,"Manufactured Fuels","All"
"1341","West Dunbartonshire",2018,696.82,"Gas","All"
"1342","South Lanarkshire",2018,3086.464,"Petroleum Products","All"
"1343","East Dunbartonshire",2018,1799.927,"All","All"
"1344","Shetland Islands",2018,588.548,"All","All"
